decision_id,hop_id,experiment,pattern,round,agent,input_tokens,output_tokens,context_length,latency_s,energy_j,energy_mode,j_per_output_token,avg_watts,parsed_vote
97520762,2a7b5df4,patterns,select,0,agent_0,82,2,84,7.7093,476.5344,attributed,238.2672,61.8,billing
97520762,786eb2de,patterns,select,0,agent_1,82,2,84,7.7081,476.4603,attributed,238.23015,61.8,billing
97520762,1a794101,patterns,select,0,agent_2,82,2,84,7.7081,476.4603,attributed,238.23015,61.8,billing
97520762,021cf92e,patterns,select,0,agent_3,82,2,84,7.7077,476.4355,attributed,238.21775,61.8,billing
97520762,1437ba3e,patterns,select,0,agent_4,82,2,84,7.7077,476.4355,attributed,238.21775,61.8,billing
90a6a2cf,479ebd21,patterns,select,0,agent_0,83,2,84,7.7072,476.5159,attributed,238.25795,61.8,technical
90a6a2cf,aae22e76,patterns,select,0,agent_1,83,2,84,7.7067,476.485,attributed,238.2425,61.8,technical
90a6a2cf,d825f30d,patterns,select,0,agent_2,83,2,84,7.7066,476.4788,attributed,238.2394,61.8,technical
90a6a2cf,e9d02eb9,patterns,select,0,agent_3,83,2,84,7.7054,476.4046,attributed,238.2023,61.8,technical
90a6a2cf,908d07cf,patterns,select,0,agent_4,83,2,84,7.706,476.4417,attributed,238.22085,61.8,technical
c5aac1a4,0ae803f8,patterns,select,0,agent_0,81,3,83,8.2884,501.5231,attributed,167.174367,60.5,cancellation
c5aac1a4,6f43ab8f,patterns,select,0,agent_1,81,3,83,8.2882,501.511,attributed,167.170333,60.5,cancellation
c5aac1a4,e5acc38e,patterns,select,0,agent_2,81,3,83,8.2872,501.4505,attributed,167.150167,60.5,cancellation
c5aac1a4,43cca173,patterns,select,0,agent_3,81,3,83,8.2868,501.4263,attributed,167.1421,60.5,cancellation
c5aac1a4,3e7b209f,patterns,select,0,agent_4,81,3,83,8.2867,501.4202,attributed,167.140067,60.5,cancellation
ea57c5f4,e3db70e7,patterns,select,0,agent_0,80,2,81,7.7037,476.5518,attributed,238.2759,61.9,general
ea57c5f4,1828b5f4,patterns,select,0,agent_1,80,2,81,7.7031,476.5147,attributed,238.25735,61.9,general
ea57c5f4,323df353,patterns,select,0,agent_2,80,2,81,7.7026,476.4838,attributed,238.2419,61.9,general
ea57c5f4,03375c8c,patterns,select,0,agent_3,80,2,81,7.7012,476.3972,attributed,238.1986,61.9,general
ea57c5f4,e93251a9,patterns,select,0,agent_4,80,2,81,7.7009,476.3786,attributed,238.1893,61.9,general
1594e037,5c561fc9,patterns,select,0,agent_0,84,2,80,7.7005,476.5556,attributed,238.2778,61.9,technical
1594e037,d8e8713e,patterns,select,0,agent_1,84,2,80,7.6997,476.506,attributed,238.253,61.9,technical
1594e037,f25acefe,patterns,select,0,agent_2,84,2,80,7.6983,476.4194,attributed,238.2097,61.9,technical
1594e037,b23b9ec4,patterns,select,0,agent_3,84,2,80,7.6985,476.4318,attributed,238.2159,61.9,technical
1594e037,b333c6ed,patterns,select,0,agent_4,84,2,80,7.6982,476.4132,attributed,238.2066,61.9,technical
9cd57ed6,72c6eeb5,patterns,select,0,agent_0,78,2,81,7.6979,476.5308,attributed,238.2654,61.9,general
9cd57ed6,36bf80dc,patterns,select,0,agent_1,78,2,81,7.6971,476.4813,attributed,238.24065,61.9,general
9cd57ed6,c77a463c,patterns,select,0,agent_2,78,2,81,7.6967,476.4565,attributed,238.22825,61.9,general
9cd57ed6,e0048cba,patterns,select,0,agent_3,78,2,81,7.6965,476.4442,attributed,238.2221,61.9,general
9cd57ed6,32755000,patterns,select,0,agent_4,78,2,81,7.696,476.4132,attributed,238.2066,61.9,general
7dd1618d,8131ce93,patterns,select,0,agent_0,79,2,80,7.695,468.8838,attributed,234.4419,60.9,billing
7dd1618d,9631879f,patterns,select,0,agent_1,79,2,80,7.6945,468.8533,attributed,234.42665,60.9,billing
7dd1618d,ef76be61,patterns,select,0,agent_2,79,2,80,7.6948,468.8716,attributed,234.4358,60.9,billing
7dd1618d,0f41c633,patterns,select,0,agent_3,79,2,80,7.6939,468.8168,attributed,234.4084,60.9,billing
7dd1618d,94ec13ad,patterns,select,0,agent_4,79,2,80,7.6936,468.7985,attributed,234.39925,60.9,billing
1c75ba56,47fbe308,patterns,select,0,agent_0,81,2,82,7.6939,476.5395,attributed,238.26975,61.9,technical
1c75ba56,f4959f9d,patterns,select,0,agent_1,81,2,82,7.693,476.4838,attributed,238.2419,61.9,technical
1c75ba56,30ace1ca,patterns,select,0,agent_2,81,2,82,7.6923,476.4404,attributed,238.2202,61.9,technical
1c75ba56,059ab2a5,patterns,select,0,agent_3,81,2,82,7.6921,476.428,attributed,238.214,61.9,technical
1c75ba56,483e7e7a,patterns,select,0,agent_4,81,2,82,7.6922,476.4342,attributed,238.2171,61.9,technical
f994759f,111d7fbe,patterns,select,0,agent_0,82,2,81,7.6921,471.4535,attributed,235.72675,61.3,general
f994759f,04305fe4,patterns,select,0,agent_1,82,2,81,7.6918,471.4351,attributed,235.71755,61.3,general
f994759f,aa64c7f2,patterns,select,0,agent_2,82,2,81,7.6909,471.38,attributed,235.69,61.3,general
f994759f,6d358574,patterns,select,0,agent_3,82,2,81,7.6905,471.3555,attributed,235.67775,61.3,general
f994759f,4d95be63,patterns,select,0,agent_4,82,2,81,7.6908,471.3739,attributed,235.68695,61.3,general
7b7c778c,7545ed29,patterns,select,0,agent_0,80,2,81,7.6905,471.4474,attributed,235.7237,61.3,billing
7b7c778c,744bbc33,patterns,select,0,agent_1,80,2,81,7.6901,471.4229,attributed,235.71145,61.3,billing
7b7c778c,43040440,patterns,select,0,agent_2,80,2,81,7.6899,471.4106,attributed,235.7053,61.3,billing
7b7c778c,b1d80ec2,patterns,select,0,agent_3,80,2,81,7.689,471.3555,attributed,235.67775,61.3,billing
7b7c778c,46783891,patterns,select,0,agent_4,80,2,81,7.6891,471.3616,attributed,235.6808,61.3,billing
795b2aa7,5e689177,patterns,select,0,agent_0,85,3,84,8.2717,496.433,attributed,165.477667,60.0,cancellation
795b2aa7,398403ef,patterns,select,0,agent_1,85,3,84,8.2714,496.415,attributed,165.471667,60.0,cancellation
795b2aa7,133b8f88,patterns,select,0,agent_2,85,3,84,8.2712,496.403,attributed,165.467667,60.0,cancellation
795b2aa7,4b5739c4,patterns,select,0,agent_3,85,3,84,8.2709,496.385,attributed,165.461667,60.0,cancellation
795b2aa7,958c81e6,patterns,select,0,agent_4,85,3,84,8.2706,496.367,attributed,165.455667,60.0,cancellation
3c289ce5,0d872c69,patterns,select,0,agent_0,81,2,82,7.6873,471.4622,attributed,235.7311,61.3,technical
3c289ce5,7e2e43f9,patterns,select,0,agent_1,81,2,82,7.6869,471.4376,attributed,235.7188,61.3,technical
3c289ce5,529feda5,patterns,select,0,agent_2,81,2,82,7.6858,471.3702,attributed,235.6851,61.3,technical
3c289ce5,fe9b9593,patterns,select,0,agent_3,81,2,82,7.6855,471.3518,attributed,235.6759,61.3,technical
3c289ce5,1c21137b,patterns,select,0,agent_4,81,2,82,7.6859,471.3763,attributed,235.68815,61.3,technical
d0603e57,adccb44d,patterns,select,0,agent_0,84,2,81,7.6853,471.4327,attributed,235.71635,61.3,general
d0603e57,3f2d50b1,patterns,select,0,agent_1,84,2,81,7.6853,471.4327,attributed,235.71635,61.3,general
d0603e57,d7c9b72c,patterns,select,0,agent_2,84,2,81,7.6849,471.4082,attributed,235.7041,61.3,general
d0603e57,4acfa70e,patterns,select,0,agent_3,84,2,81,7.6841,471.3591,attributed,235.67955,61.3,general
d0603e57,8c8f4eb8,patterns,select,0,agent_4,84,2,81,7.6842,471.3652,attributed,235.6826,61.3,general
355f3154,6d00794d,patterns,select,0,agent_0,85,2,83,7.6841,471.4524,attributed,235.7262,61.4,billing
355f3154,0de5966c,patterns,select,0,agent_1,85,2,83,7.6837,471.4278,attributed,235.7139,61.4,billing
355f3154,29f76290,patterns,select,0,agent_2,85,2,83,7.6831,471.391,attributed,235.6955,61.4,billing
355f3154,3430128b,patterns,select,0,agent_3,85,2,83,7.6828,471.3726,attributed,235.6863,61.4,billing
355f3154,352bc583,patterns,select,0,agent_4,85,2,83,7.6825,471.3542,attributed,235.6771,61.4,billing
fa93369e,3cbbe402,patterns,select,0,agent_0,81,2,82,7.6822,471.4426,attributed,235.7213,61.4,technical
fa93369e,8648e40a,patterns,select,0,agent_1,81,2,82,7.6815,471.3996,attributed,235.6998,61.4,technical
fa93369e,cd4d8f59,patterns,select,0,agent_2,81,2,82,7.6815,471.3996,attributed,235.6998,61.4,technical
fa93369e,97fc1acc,patterns,select,0,agent_3,81,2,82,7.6814,471.3935,attributed,235.69675,61.4,technical
fa93369e,5fb867a6,patterns,select,0,agent_4,81,2,82,7.6809,471.3628,attributed,235.6814,61.4,technical
73581d25,7d35eba2,patterns,select,0,agent_0,78,2,80,7.6806,471.4352,attributed,235.7176,61.4,billing
73581d25,9f44c3e3,patterns,select,0,agent_1,78,2,80,7.6804,471.4229,attributed,235.71145,61.4,billing
73581d25,c15c03c1,patterns,select,0,agent_2,78,2,80,7.6801,471.4045,attributed,235.70225,61.4,billing
73581d25,89c4ca24,patterns,select,0,agent_3,78,2,80,7.6798,471.3861,attributed,235.69305,61.4,billing
73581d25,f65466c0,patterns,select,0,agent_4,78,2,80,7.6792,471.3493,attributed,235.67465,61.4,billing
867e4d9a,20be9283,patterns,select,0,agent_0,82,2,85,7.6788,471.4499,attributed,235.72495,61.4,technical
867e4d9a,f2d3ad72,patterns,select,0,agent_1,82,2,85,7.6782,471.4131,attributed,235.70655,61.4,technical
867e4d9a,01512416,patterns,select,0,agent_2,82,2,85,7.6781,471.407,attributed,235.7035,61.4,technical
867e4d9a,7dbce1da,patterns,select,0,agent_3,82,2,85,7.6779,471.3947,attributed,235.69735,61.4,technical
867e4d9a,cd2b87bc,patterns,select,0,agent_4,82,2,85,7.6769,471.3333,attributed,235.66665,61.4,technical
fc2fb3ee,11c6f75d,patterns,select,0,agent_0,79,2,79,7.6767,470.0879,attributed,235.04395,61.2,billing
fc2fb3ee,a4877024,patterns,select,0,agent_1,79,2,79,7.6771,470.1124,attributed,235.0562,61.2,billing
fc2fb3ee,38e05f56,patterns,select,0,agent_2,79,2,79,7.6767,470.0879,attributed,235.04395,61.2,billing
fc2fb3ee,f49f223b,patterns,select,0,agent_3,79,2,79,7.6756,470.0206,attributed,235.0103,61.2,billing
fc2fb3ee,5d444ebc,patterns,select,0,agent_4,79,2,79,7.7845,476.6891,attributed,238.34455,61.2,billing
a83e0c89,4ac0630e,patterns,select,0,agent_0,79,2,81,7.6756,471.4549,attributed,235.72745,61.4,billing
a83e0c89,452a1b77,patterns,select,0,agent_1,79,2,81,7.6753,471.4365,attributed,235.71825,61.4,billing
a83e0c89,5d95306b,patterns,select,0,agent_2,79,2,81,7.6747,471.3996,attributed,235.6998,61.4,billing
a83e0c89,4dd86fb1,patterns,select,0,agent_3,79,2,81,7.6738,471.3443,attributed,235.67215,61.4,billing
a83e0c89,9e4efb85,patterns,select,0,agent_4,79,2,81,7.6741,471.3627,attributed,235.68135,61.4,billing
e3aebafa,d55915c4,patterns,select,0,agent_0,80,2,78,7.6732,482.4015,attributed,241.20075,62.9,technical
e3aebafa,c8e96088,patterns,select,0,agent_1,80,2,78,8.5601,538.1594,attributed,269.0797,62.9,technical
e3aebafa,c7a1fb94,patterns,select,0,agent_2,80,2,78,7.673,482.3889,attributed,241.19445,62.9,technical
e3aebafa,5cfd9d6c,patterns,select,0,agent_3,80,2,78,8.5596,538.128,attributed,269.064,62.9,technical
e3aebafa,eb29b043,patterns,select,0,agent_4,80,2,78,8.5593,538.1091,attributed,269.05455,62.9,technical
3ef89d32,fbac212e,patterns,json,0,agent_0,88,16,74,1.555,213.4634,attributed,13.341463,137.3,billing
3ef89d32,dbd36b9c,patterns,json,0,agent_1,88,16,74,1.5544,213.381,attributed,13.336313,137.3,billing
3ef89d32,e45d13ed,patterns,json,0,agent_2,88,16,74,1.5551,213.4771,attributed,13.342319,137.3,billing
3ef89d32,7a71061b,patterns,json,0,agent_3,88,16,74,1.5544,213.381,attributed,13.336313,137.3,billing
3ef89d32,4442ce06,patterns,json,0,agent_4,88,16,74,1.5476,212.4475,attributed,13.277969,137.3,billing
0df2774f,5e776528,patterns,json,0,agent_0,89,16,74,1.5549,200.5538,attributed,12.534612,129.0,technical
0df2774f,f56b2feb,patterns,json,0,agent_1,89,16,74,1.5544,200.4893,attributed,12.530581,129.0,technical
0df2774f,0aeb29d6,patterns,json,0,agent_2,89,16,74,1.5547,200.528,attributed,12.533,129.0,technical
0df2774f,8e8c71fd,patterns,json,0,agent_3,89,16,74,1.5548,200.5409,attributed,12.533806,129.0,technical
0df2774f,fe4513b8,patterns,json,0,agent_4,89,16,74,1.5547,200.528,attributed,12.533,129.0,technical
dadb8d86,6c16dd6c,patterns,json,0,agent_0,87,17,72,1.7494,220.5866,attributed,12.975682,126.1,cancellation
dadb8d86,bf426a2a,patterns,json,0,agent_1,87,17,72,1.7494,220.5866,attributed,12.975682,126.1,cancellation
dadb8d86,f8aa29c8,patterns,json,0,agent_2,87,17,72,1.7494,220.5866,attributed,12.975682,126.1,cancellation
dadb8d86,75fac38f,patterns,json,0,agent_3,87,16,72,1.5475,195.1285,attributed,12.195531,126.1,cancellation
dadb8d86,2f5b7c60,patterns,json,0,agent_4,87,17,72,1.7494,220.5866,attributed,12.975682,126.1,cancellation
83e85bf7,45ba9dda,patterns,json,0,agent_0,86,16,71,1.555,215.5532,attributed,13.472075,138.6,general
83e85bf7,b483a815,patterns,json,0,agent_1,86,16,71,1.5543,215.4562,attributed,13.466012,138.6,general
83e85bf7,2fafafd0,patterns,json,0,agent_2,86,16,71,1.5546,215.4978,attributed,13.468613,138.6,general
83e85bf7,3ebb4947,patterns,json,0,agent_3,86,16,71,1.5548,215.5255,attributed,13.470344,138.6,general
83e85bf7,feee5a8a,patterns,json,0,agent_4,86,16,71,1.5542,215.4423,attributed,13.465144,138.6,general
135ef535,9eafb7be,patterns,json,0,agent_0,90,16,70,1.5541,208.1369,attributed,13.008556,133.9,technical
135ef535,a545d1af,patterns,json,0,agent_1,90,16,70,1.5547,208.2173,attributed,13.013581,133.9,technical
135ef535,b3b813b5,patterns,json,0,agent_2,90,16,70,1.5545,208.1905,attributed,13.011906,133.9,technical
135ef535,c517f98f,patterns,json,0,agent_3,90,16,70,1.554,208.1235,attributed,13.007719,133.9,technical
135ef535,9314f134,patterns,json,0,agent_4,90,16,70,1.5546,208.2039,attributed,13.012744,133.9,technical
07495285,4087ce1d,patterns,json,0,agent_0,84,16,70,1.554,208.1449,attributed,13.009056,133.9,general
07495285,65f5cc0c,patterns,json,0,agent_1,84,16,70,1.554,208.1449,attributed,13.009056,133.9,general
07495285,c3453c5e,patterns,json,0,agent_2,84,16,70,1.5547,208.2387,attributed,13.014919,133.9,general
07495285,c3e8165f,patterns,json,0,agent_3,84,16,70,1.5539,208.1315,attributed,13.008219,133.9,general
07495285,25da56f4,patterns,json,0,agent_4,84,16,70,1.5545,208.2119,attributed,13.013244,133.9,general
1ed5ae5d,0adcef80,patterns,json,0,agent_0,85,16,69,1.5547,215.5643,attributed,13.472769,138.7,billing
1ed5ae5d,9b471596,patterns,json,0,agent_1,85,16,69,1.5545,215.5366,attributed,13.471037,138.7,billing
1ed5ae5d,bcdcbe2e,patterns,json,0,agent_2,85,16,69,1.554,215.4673,attributed,13.466706,138.7,billing
1ed5ae5d,f916a19e,patterns,json,0,agent_3,85,16,69,1.5539,215.4534,attributed,13.465837,138.7,billing
1ed5ae5d,c6c9fa68,patterns,json,0,agent_4,85,16,69,1.5539,215.4534,attributed,13.465837,138.7,billing
3ab7cd7c,3da9da4d,patterns,json,0,agent_0,87,16,72,1.5544,215.4784,attributed,13.4674,138.6,technical
3ab7cd7c,1708ef27,patterns,json,0,agent_1,87,16,72,1.5546,215.5061,attributed,13.469131,138.6,technical
3ab7cd7c,58f4faae,patterns,json,0,agent_2,87,16,72,1.5546,215.5061,attributed,13.469131,138.6,technical
3ab7cd7c,0ae425c7,patterns,json,0,agent_3,87,16,72,1.5546,215.5061,attributed,13.469131,138.6,technical
3ab7cd7c,a8668663,patterns,json,0,agent_4,87,16,72,1.5544,215.4784,attributed,13.4674,138.6,technical
0396ad54,7f7ab445,patterns,json,0,agent_0,88,15,71,1.4637,203.1393,attributed,13.54262,138.8,general
0396ad54,bdd0bb6c,patterns,json,0,agent_1,88,15,71,1.464,203.1809,attributed,13.545393,138.8,general
0396ad54,daf61330,patterns,json,0,agent_2,88,16,71,1.5538,215.6438,attributed,13.477737,138.8,general
0396ad54,c0cd02b2,patterns,json,0,agent_3,88,16,71,1.5544,215.7271,attributed,13.482944,138.8,general
0396ad54,1b19e031,patterns,json,0,agent_4,88,15,71,1.464,203.1809,attributed,13.545393,138.8,general
48f90705,1972a7af,patterns,json,0,agent_0,86,16,71,1.5544,208.1878,attributed,13.011738,133.9,billing
48f90705,75710acd,patterns,json,0,agent_1,86,16,71,1.5543,208.1744,attributed,13.0109,133.9,billing
48f90705,50cc357c,patterns,json,0,agent_2,86,16,71,1.5541,208.1476,attributed,13.009225,133.9,billing
48f90705,1ae6fc96,patterns,json,0,agent_3,86,16,71,1.5544,208.1878,attributed,13.011738,133.9,billing
48f90705,ee7c6fba,patterns,json,0,agent_4,86,16,71,1.5543,208.1744,attributed,13.0109,133.9,billing
9d0d654d,430037fc,patterns,json,0,agent_0,91,17,74,1.7488,215.4975,attributed,12.676324,123.2,cancellation
9d0d654d,ed7742a6,patterns,json,0,agent_1,91,17,74,1.7488,215.4975,attributed,12.676324,123.2,cancellation
9d0d654d,d1fc7667,patterns,json,0,agent_2,91,17,74,1.7488,215.4975,attributed,12.676324,123.2,cancellation
9d0d654d,1abc0cda,patterns,json,0,agent_3,91,17,74,1.7487,215.4851,attributed,12.675594,123.2,cancellation
9d0d654d,35ef9b6a,patterns,json,0,agent_4,91,17,74,1.7488,215.4975,attributed,12.676324,123.2,cancellation
b9ae0f95,a8ab0030,patterns,json,0,agent_0,87,16,72,1.554,208.169,attributed,13.010563,134.0,technical
b9ae0f95,69f82adf,patterns,json,0,agent_1,87,16,72,1.5541,208.1824,attributed,13.0114,134.0,technical
b9ae0f95,96136f4d,patterns,json,0,agent_2,87,16,72,1.5542,208.1958,attributed,13.012237,134.0,technical
b9ae0f95,e8a79149,patterns,json,0,agent_3,87,16,72,1.5539,208.1556,attributed,13.009725,134.0,technical
b9ae0f95,e2e76431,patterns,json,0,agent_4,87,16,72,1.554,208.169,attributed,13.010563,134.0,technical
dc7d02a0,3f7fc375,patterns,json,0,agent_0,90,16,71,1.5539,215.495,attributed,13.468438,138.7,general
dc7d02a0,41e525fd,patterns,json,0,agent_1,90,16,71,1.5539,215.495,attributed,13.468438,138.7,general
dc7d02a0,ae193dfe,patterns,json,0,agent_2,90,16,71,1.5542,215.5366,attributed,13.471037,138.7,general
dc7d02a0,8b4490c4,patterns,json,0,agent_3,90,16,71,1.5536,215.4534,attributed,13.465837,138.7,general
dc7d02a0,48168b8b,patterns,json,0,agent_4,90,16,71,1.5539,215.495,attributed,13.468438,138.7,general
c9ce821f,991d27d0,patterns,json,0,agent_0,91,16,72,1.5539,215.5061,attributed,13.469131,138.7,billing
c9ce821f,52da28a9,patterns,json,0,agent_1,91,16,72,1.5542,215.5477,attributed,13.471731,138.7,billing
c9ce821f,d6c8ede6,patterns,json,0,agent_2,91,16,72,1.5541,215.5338,attributed,13.470863,138.7,billing
c9ce821f,fa32a4ce,patterns,json,0,agent_3,91,16,72,1.5535,215.4506,attributed,13.465663,138.7,billing
c9ce821f,1873d327,patterns,json,0,agent_4,91,16,72,1.5534,215.4368,attributed,13.4648,138.7,billing
cb0410f8,929bd4a0,patterns,json,0,agent_0,87,16,72,1.554,208.2253,attributed,13.014081,134.0,technical
cb0410f8,48663865,patterns,json,0,agent_1,87,16,72,1.5535,208.1583,attributed,13.009894,134.0,technical
cb0410f8,96e525e5,patterns,json,0,agent_2,87,16,72,1.5533,208.1315,attributed,13.008219,134.0,technical
cb0410f8,b1a64dc2,patterns,json,0,agent_3,87,16,72,1.5534,208.1449,attributed,13.009056,134.0,technical
cb0410f8,3135f090,patterns,json,0,agent_4,87,16,72,1.5539,208.2119,attributed,13.013244,134.0,technical
d8825a2d,29f18eca,patterns,json,0,agent_0,84,16,69,1.5539,208.3917,attributed,13.024481,134.1,billing
d8825a2d,c1685abd,patterns,json,0,agent_1,84,16,69,1.5466,207.4127,attributed,12.963294,134.1,billing
d8825a2d,e2f34efd,patterns,json,0,agent_2,84,16,69,1.5533,208.3112,attributed,13.01945,134.1,billing
d8825a2d,b3f788d5,patterns,json,0,agent_3,84,16,69,1.5537,208.3648,attributed,13.0228,134.1,billing
d8825a2d,1c91a2c3,patterns,json,0,agent_4,84,16,69,1.5539,208.3917,attributed,13.024481,134.1,billing
4eb3838a,18f677e5,patterns,json,0,agent_0,88,16,74,1.5539,203.4295,attributed,12.714344,130.9,technical
4eb3838a,a96d2cc9,patterns,json,0,agent_1,88,16,74,1.5539,203.4295,attributed,12.714344,130.9,technical
4eb3838a,2ece252a,patterns,json,0,agent_2,88,16,74,1.5538,203.4164,attributed,12.713525,130.9,technical
4eb3838a,92521783,patterns,json,0,agent_3,88,16,74,1.5536,203.3902,attributed,12.711887,130.9,technical
4eb3838a,f23bf62c,patterns,json,0,agent_4,88,16,74,1.5463,202.4345,attributed,12.652156,130.9,technical
bc1dcf75,d6b20538,patterns,json,0,agent_0,85,16,69,1.5532,195.894,attributed,12.243375,126.1,billing
bc1dcf75,9bc49c9b,patterns,json,0,agent_1,85,16,69,1.5464,195.0363,attributed,12.189769,126.1,billing
bc1dcf75,f65be12d,patterns,json,0,agent_2,85,16,69,1.5537,195.957,attributed,12.247312,126.1,billing
bc1dcf75,d6ca482a,patterns,json,0,agent_3,85,16,69,1.5537,195.957,attributed,12.247312,126.1,billing
bc1dcf75,c959ef95,patterns,json,0,agent_4,85,16,69,1.5463,195.0237,attributed,12.188981,126.1,billing
c605f082,6381102d,patterns,json,0,agent_0,85,16,71,1.5535,210.5298,attributed,13.158112,135.5,billing
c605f082,2af13601,patterns,json,0,agent_1,85,16,71,1.5535,210.5298,attributed,13.158112,135.5,billing
c605f082,08bb8c1e,patterns,json,0,agent_2,85,16,71,1.5538,210.5704,attributed,13.16065,135.5,technical
c605f082,19a5411c,patterns,json,0,agent_3,85,16,71,1.5537,210.5569,attributed,13.159806,135.5,billing
c605f082,a5e11053,patterns,json,0,agent_4,85,16,71,1.5534,210.5162,attributed,13.157262,135.5,billing
c605f082,d4f67d70,patterns,json,1,agent_0,161,16,131,0.7569,67.6566,attributed,4.228537,89.4,billing
c605f082,86fe2d5b,patterns,json,1,agent_1,161,16,131,0.7568,67.6477,attributed,4.227981,89.4,billing
c605f082,b457cc20,patterns,json,1,agent_2,161,16,131,0.7569,67.6566,attributed,4.228537,89.4,billing
c605f082,f458efb0,patterns,json,1,agent_3,161,16,131,0.7572,67.6834,attributed,4.230213,89.4,billing
c605f082,45efa3a7,patterns,json,1,agent_4,161,16,131,0.7568,67.6477,attributed,4.227981,89.4,billing
3dd99787,369e2632,patterns,json,0,agent_0,86,16,68,1.5537,220.9879,attributed,13.811744,142.2,technical
3dd99787,1df33765,patterns,json,0,agent_1,86,16,68,1.5537,220.9879,attributed,13.811744,142.2,technical
3dd99787,cc5a6d11,patterns,json,0,agent_2,86,16,68,2.4219,344.4749,attributed,21.529681,142.2,technical
3dd99787,a72a13c0,patterns,json,0,agent_3,86,16,68,2.4219,344.4749,attributed,21.529681,142.2,technical
3dd99787,de774cc8,patterns,json,0,agent_4,86,16,68,1.5534,220.9453,attributed,13.809081,142.2,technical
ffe71afd,3506e520,patterns,cot_select,0,agent_0,117,904,122,38.211,5060.5317,attributed,5.597933,132.4,billing
ffe71afd,14cf87bc,patterns,cot_select,0,agent_1,117,764,122,32.2921,4276.6532,attributed,5.597714,132.4,billing
ffe71afd,4deaa6d6,patterns,cot_select,0,agent_2,117,797,122,33.6718,4459.3759,attributed,5.595202,132.4,billing
ffe71afd,437a9583,patterns,cot_select,0,agent_3,117,1018,122,42.921,5684.3077,attributed,5.583799,132.4,billing
ffe71afd,39ba2c47,patterns,cot_select,0,agent_4,117,1047,122,44.0767,5837.3646,attributed,5.575324,132.4,billing
dfe95916,cbadd757,patterns,cot_select,0,agent_0,118,722,122,30.5341,4069.3618,attributed,5.636235,133.3,technical
dfe95916,643d8d86,patterns,cot_select,0,agent_1,118,814,122,34.399,4584.4475,attributed,5.631999,133.3,technical
dfe95916,f23bb26c,patterns,cot_select,0,agent_2,118,631,122,26.8135,3573.5074,attributed,5.663245,133.3,technical
dfe95916,432acbe3,patterns,cot_select,0,agent_3,118,744,122,31.4537,4191.9194,attributed,5.6343,133.3,billing
dfe95916,3c04eaaa,patterns,cot_select,0,agent_4,118,855,122,36.0809,4808.5988,attributed,5.624092,133.3,technical
dfe95916,1297b9e9,patterns,cot_select,1,agent_0,194,869,181,34.6685,3479.5324,attributed,4.004065,100.4,technical
dfe95916,53cab4ff,patterns,cot_select,1,agent_1,194,809,181,32.2913,3240.9428,attributed,4.00611,100.4,technical
dfe95916,ff8c66bf,patterns,cot_select,1,agent_2,194,860,181,34.3084,3443.3907,attributed,4.003943,100.4,technical
dfe95916,2515eb59,patterns,cot_select,1,agent_3,194,853,181,34.0301,3415.4589,attributed,4.004055,100.4,technical
dfe95916,1fac8bc6,patterns,cot_select,1,agent_4,194,800,181,31.9317,3204.8512,attributed,4.006064,100.4,technical
d2e61006,282b27a1,patterns,cot_select,0,agent_0,116,824,120,34.8126,4703.2499,attributed,5.707828,135.1,cancellation
d2e61006,50ddb970,patterns,cot_select,0,agent_1,116,850,120,35.8768,4847.0254,attributed,5.702383,135.1,cancellation
d2e61006,9c3f8f4a,patterns,cot_select,0,agent_2,116,690,120,29.2194,3947.5977,attributed,5.721156,135.1,cancellation
d2e61006,1229ce7a,patterns,cot_select,0,agent_3,116,980,120,41.4063,5594.0716,attributed,5.708236,135.1,cancellation
d2e61006,ddaa5a39,patterns,cot_select,0,agent_4,116,856,120,36.1257,4880.6523,attributed,5.701697,135.1,cancellation
c810ad5b,69a72ac8,patterns,cot_select,0,agent_0,115,829,119,35.0222,4497.4563,attributed,5.425158,128.4,general
c810ad5b,b044ea64,patterns,cot_select,0,agent_1,115,798,119,33.7191,4330.1157,attributed,5.42621,128.4,general
c810ad5b,9b576ed6,patterns,cot_select,0,agent_2,115,621,119,26.4141,3392.0273,attributed,5.462202,128.4,general
c810ad5b,c0865c4f,patterns,cot_select,0,agent_3,115,802,119,33.8984,4353.1409,attributed,5.427856,128.4,general
c810ad5b,409aed25,patterns,cot_select,0,agent_4,115,752,119,31.7825,4081.4228,attributed,5.427424,128.4,general
f1e413df,397f65e7,patterns,cot_select,0,agent_0,119,1007,118,42.4833,5743.5457,attributed,5.70362,135.2,technical
f1e413df,46c8c4e4,patterns,cot_select,0,agent_1,119,862,118,36.5293,4938.5925,attributed,5.729226,135.2,technical
f1e413df,8a61c80c,patterns,cot_select,0,agent_2,119,924,118,39.015,5274.6476,attributed,5.708493,135.2,technical
f1e413df,8ab46cc5,patterns,cot_select,0,agent_3,119,737,118,31.1646,4213.3098,attributed,5.716838,135.2,technical
f1e413df,c1e0bb6a,patterns,cot_select,0,agent_4,119,762,118,32.1912,4352.1014,attributed,5.711419,135.2,technical
1d9b4778,3f9981ef,patterns,cot_select,0,agent_0,113,2595,118,104.8736,15275.1281,attributed,5.886369,145.7,general
1d9b4778,ac37a706,patterns,cot_select,0,agent_1,113,2599,118,105.0297,15297.8645,attributed,5.886058,145.7,general
1d9b4778,835cb4af,patterns,cot_select,0,agent_2,113,3071,118,123.0879,17928.091,attributed,5.837867,145.7,general
1d9b4778,8db6975a,patterns,cot_select,0,agent_3,113,7402,118,287.6453,41896.3286,attributed,5.660136,145.7,billing
1d9b4778,44b057d5,patterns,cot_select,0,agent_4,113,7613,118,295.2119,42998.4247,attributed,5.648026,145.7,billing
1d9b4778,8e48546a,patterns,cot_select,1,agent_0,189,1939,175,73.8794,8941.424,attributed,4.611358,121.0,general
1d9b4778,6396d96d,patterns,cot_select,1,agent_1,189,3579,175,136.1074,16472.7105,attributed,4.602601,121.0,general
1d9b4778,84abff69,patterns,cot_select,1,agent_2,189,3269,175,124.3823,15053.6534,attributed,4.604972,121.0,general
1d9b4778,2925e8ad,patterns,cot_select,1,agent_3,189,4799,175,182.3493,22069.2426,attributed,4.598717,121.0,general
1d9b4778,4695f282,patterns,cot_select,1,agent_4,189,5758,175,216.8233,26241.5376,attributed,4.557405,121.0,general
3446f06c,a7ba10d0,patterns,cot_select,0,agent_0,114,736,117,31.1145,3912.6002,attributed,5.316033,125.7,billing
3446f06c,fbd637b8,patterns,cot_select,0,agent_1,114,713,117,30.1656,3793.2775,attributed,5.320165,125.7,billing
3446f06c,f801631b,patterns,cot_select,0,agent_2,114,802,117,33.8981,4262.6336,attributed,5.315004,125.7,billing
3446f06c,bb0dd210,patterns,cot_select,0,agent_3,114,723,117,30.5747,3844.7212,attributed,5.317733,125.7,billing
3446f06c,e3a33e82,patterns,cot_select,0,agent_4,114,801,117,33.8476,4256.2833,attributed,5.313712,125.7,billing
d1e42077,0f9d1fde,patterns,cot_select,0,agent_0,116,777,119,32.8406,4383.2976,attributed,5.64131,133.5,billing
d1e42077,6f86de61,patterns,cot_select,0,agent_1,116,961,119,40.4951,5404.9583,attributed,5.624306,133.5,technical
d1e42077,95ee17d6,patterns,cot_select,0,agent_2,116,737,119,31.1643,4159.5586,attributed,5.643906,133.5,technical
d1e42077,d8f8be34,patterns,cot_select,0,agent_3,116,932,119,39.3302,5249.4769,attributed,5.632486,133.5,technical
d1e42077,4552dd55,patterns,cot_select,0,agent_4,116,763,119,32.2412,4303.2945,attributed,5.639967,133.5,technical
d1e42077,277c76a6,patterns,cot_select,1,agent_0,192,703,179,27.8803,3225.1781,attributed,4.587736,115.7,technical
d1e42077,cb3cc41a,patterns,cot_select,1,agent_1,192,1035,179,40.9141,4732.921,attributed,4.572871,115.7,technical
d1e42077,471745fb,patterns,cot_select,1,agent_2,192,779,179,30.8957,3573.9979,attributed,4.587931,115.7,technical
d1e42077,85047c21,patterns,cot_select,1,agent_3,192,1038,179,41.0336,4746.7447,attributed,4.572972,115.7,technical
d1e42077,e0ff3f70,patterns,cot_select,1,agent_4,192,1156,179,45.6468,5280.3972,attributed,4.567818,115.7,technical
6a1cffc6,bdae9b94,patterns,cot_select,0,agent_0,117,1151,119,48.2061,6595.2053,attributed,5.729979,136.8,general
6a1cffc6,62ff1f16,patterns,cot_select,0,agent_1,117,1062,119,44.676,6112.2429,attributed,5.755408,136.8,general
6a1cffc6,bced588d,patterns,cot_select,0,agent_2,117,1187,119,49.6084,6787.0577,attributed,5.717825,136.8,general
6a1cffc6,5afe2478,patterns,cot_select,0,agent_3,117,1288,119,53.5505,7326.3869,attributed,5.688189,136.8,general
6a1cffc6,a9e91231,patterns,cot_select,0,agent_4,117,536,119,22.7676,3114.8962,attributed,5.811374,136.8,general
4c8d7dd7,e668b144,patterns,cot_select,0,agent_0,115,896,119,37.8856,4767.4622,attributed,5.320828,125.8,billing
4c8d7dd7,88d226dd,patterns,cot_select,0,agent_1,115,915,119,38.6575,4864.5968,attributed,5.316499,125.8,billing
4c8d7dd7,f71493df,patterns,cot_select,0,agent_2,115,836,119,35.3061,4442.8621,attributed,5.314428,125.8,billing
4c8d7dd7,c317b64a,patterns,cot_select,0,agent_3,115,884,119,37.406,4707.1101,attributed,5.324785,125.8,billing
4c8d7dd7,b9992428,patterns,cot_select,0,agent_4,115,981,119,41.4492,5215.8998,attributed,5.316921,125.8,billing
d70cff63,62f4cdf8,patterns,cot_select,0,agent_0,120,1136,122,47.6173,8803.8077,attributed,7.749831,184.9,cancellation
d70cff63,9ff1a9b7,patterns,cot_select,0,agent_1,120,856,122,36.1249,6679.0153,attributed,7.802588,184.9,cancellation
d70cff63,3f2a289c,patterns,cot_select,0,agent_2,120,1114,122,46.7427,8642.1058,attributed,7.757725,184.9,billing
d70cff63,7576a856,patterns,cot_select,0,agent_3,120,2432,122,98.3509,18183.7781,attributed,7.476882,184.9,cancellation
d70cff63,53df7251,patterns,cot_select,0,agent_4,120,1045,122,43.9935,8133.8151,attributed,7.783555,184.9,cancellation
d70cff63,9ce55e44,patterns,cot_select,1,agent_0,200,1045,184,40.3988,4487.0691,attributed,4.293846,111.1,cancellation
d70cff63,d38a1252,patterns,cot_select,1,agent_1,200,1405,184,54.2008,6020.0484,attributed,4.284732,111.1,cancellation
d70cff63,4d79172b,patterns,cot_select,1,agent_2,200,1262,184,48.7769,5417.6193,attributed,4.292884,111.1,cancellation
d70cff63,2fb45a44,patterns,cot_select,1,agent_3,200,1162,184,44.9091,4988.0252,attributed,4.292621,111.1,cancellation
d70cff63,338d8bf7,patterns,cot_select,1,agent_4,200,670,184,25.9257,2879.551,attributed,4.297837,111.1,cancellation
384a5ef9,183cf48e,patterns,cot_select,0,agent_0,116,753,120,31.8308,4444.9436,attributed,5.90298,139.6,technical
384a5ef9,1c0c0166,patterns,cot_select,0,agent_1,116,905,120,38.2522,5341.6462,attributed,5.902371,139.6,technical
384a5ef9,c75447f8,patterns,cot_select,0,agent_2,116,895,120,37.8396,5284.0295,attributed,5.903944,139.6,technical
384a5ef9,8ac59c23,patterns,cot_select,0,agent_3,116,806,120,34.063,4756.6543,attributed,5.901556,139.6,technical
384a5ef9,126cd0ab,patterns,cot_select,0,agent_4,116,431,120,18.1199,2530.3144,attributed,5.870799,139.6,technical
709ff6e8,b5767e3d,patterns,cot_select,0,agent_0,119,4936,119,194.2603,24751.7794,attributed,5.014542,127.4,general
709ff6e8,b277f0a7,patterns,cot_select,0,agent_1,119,6379,119,248.8609,31708.7439,attributed,4.970802,127.4,general
709ff6e8,369b973a,patterns,cot_select,0,agent_2,119,4668,119,184.1041,23457.7218,attributed,5.025219,127.4,general
709ff6e8,5d50f6e6,patterns,cot_select,0,agent_3,119,2680,119,108.1718,13782.7674,attributed,5.142824,127.4,general
709ff6e8,3fb4f841,patterns,cot_select,0,agent_4,119,4092,119,162.2378,20671.6155,attributed,5.051714,127.4,general
5f6eafed,9880e9f8,patterns,cot_select,0,agent_0,120,909,120,38.4128,4766.5885,attributed,5.243772,124.1,billing
5f6eafed,816e5e3f,patterns,cot_select,0,agent_1,120,789,120,33.3394,4137.0377,attributed,5.243394,124.1,billing
5f6eafed,2ec9d516,patterns,cot_select,0,agent_2,120,765,120,32.3414,4013.1973,attributed,5.24601,124.1,billing
5f6eafed,d7f655e5,patterns,cot_select,0,agent_3,120,910,120,38.4578,4772.1725,attributed,5.244146,124.1,billing
5f6eafed,541dfc9c,patterns,cot_select,0,agent_4,120,910,120,38.4577,4772.1601,attributed,5.244132,124.1,billing
b1631d97,501b3c68,patterns,cot_select,0,agent_0,116,692,119,29.3072,4118.642,attributed,5.951795,140.5,technical
b1631d97,26d5787a,patterns,cot_select,0,agent_1,116,677,119,28.686,4031.3426,attributed,5.954716,140.5,technical
b1631d97,3b6a1f83,patterns,cot_select,0,agent_2,116,476,119,20.3278,2856.7359,attributed,6.001546,140.5,technical
b1631d97,1d5b9a4f,patterns,cot_select,0,agent_3,116,836,119,35.3056,4961.6178,attributed,5.93495,140.5,technical
b1631d97,b35f8379,patterns,cot_select,0,agent_4,116,811,119,34.2705,4816.1517,attributed,5.938535,140.5,technical
fe6a7d5f,64d8d934,patterns,cot_select,0,agent_0,113,967,117,40.8958,5549.9848,attributed,5.739384,135.7,billing
fe6a7d5f,f4893e17,patterns,cot_select,0,agent_1,113,2171,117,88.2591,11977.6766,attributed,5.517124,135.7,billing
fe6a7d5f,ee33ff38,patterns,cot_select,0,agent_2,113,2394,117,96.8685,13146.0616,attributed,5.491254,135.7,billing
fe6a7d5f,afcfaaa4,patterns,cot_select,0,agent_3,113,1292,117,53.7173,7289.9956,attributed,5.642411,135.7,billing
fe6a7d5f,f8a00e08,patterns,cot_select,0,agent_4,113,2141,117,87.0863,11818.5154,attributed,5.520091,135.7,billing
0e9c5f18,4a69c0fb,patterns,cot_select,0,agent_0,117,732,122,30.9469,4370.2505,attributed,5.970288,141.2,technical
0e9c5f18,19fb7e69,patterns,cot_select,0,agent_1,117,956,122,40.2936,5690.1701,attributed,5.952061,141.2,technical
0e9c5f18,50879ead,patterns,cot_select,0,agent_2,117,785,122,33.1712,4684.3611,attributed,5.967339,141.2,technical
0e9c5f18,bec9e231,patterns,cot_select,0,agent_3,117,1118,122,46.906,6623.9581,attributed,5.924828,141.2,technical
0e9c5f18,88095870,patterns,cot_select,0,agent_4,117,887,122,37.5229,5298.8982,attributed,5.973955,141.2,technical
7cdd3fa5,fbd3c9d5,patterns,cot_select,0,agent_0,114,3541,116,141.2212,20710.2596,attributed,5.848704,146.7,billing
7cdd3fa5,260f3abd,patterns,cot_select,0,agent_1,114,3102,116,124.2848,18226.5161,attributed,5.875731,146.7,billing
7cdd3fa5,013de58a,patterns,cot_select,0,agent_2,114,5810,116,227.3292,33338.1019,attributed,5.738055,146.7,billing
7cdd3fa5,5d590132,patterns,cot_select,0,agent_3,114,2256,116,91.579,13430.171,attributed,5.95309,146.7,billing
7cdd3fa5,356bad00,patterns,cot_select,0,agent_4,114,3378,116,134.9369,19788.6594,attributed,5.858099,146.7,billing
f87ea794,45befc4b,patterns,cot_select,0,agent_0,114,540,119,22.9261,3805.8453,attributed,7.047862,166.0,billing
f87ea794,52adcea3,patterns,cot_select,0,agent_1,114,1964,119,80.1568,13306.4229,attributed,6.775164,166.0,billing
f87ea794,af1ab2f7,patterns,cot_select,0,agent_2,114,946,119,39.8874,6621.5045,attributed,6.999476,166.0,billing
f87ea794,cc9f61f9,patterns,cot_select,0,agent_3,114,1501,119,61.9464,10283.4069,attributed,6.851037,166.0,billing
f87ea794,d6ebffe3,patterns,cot_select,0,agent_4,114,1195,119,49.9225,8287.3804,attributed,6.935046,166.0,billing
421d10b2,6f4753fd,patterns,cot_select,0,agent_0,115,632,115,26.8643,3867.0016,attributed,6.118673,143.9,technical
421d10b2,7b3e6d95,patterns,cot_select,0,agent_1,115,770,115,32.5508,4685.549,attributed,6.085129,143.9,technical
421d10b2,a473c1eb,patterns,cot_select,0,agent_2,115,791,115,50.9785,7338.138,attributed,9.277039,143.9,technical
421d10b2,3bd2d0d0,patterns,cot_select,0,agent_3,115,946,115,39.8875,5741.6357,attributed,6.069382,143.9,technical
421d10b2,282b4311,patterns,cot_select,0,agent_4,115,768,115,51.8381,7461.8737,attributed,9.715981,143.9,technical
bf8ffe15,72aedb6a,patterns,nl_debate,0,agent_0,129,1369,161,56.7591,8561.8853,attributed,6.254116,150.8,billing
bf8ffe15,2cb6bf3a,patterns,nl_debate,0,agent_1,129,1220,161,50.4468,7609.6999,attributed,6.237459,150.8,billing
bf8ffe15,f3ef58dd,patterns,nl_debate,0,agent_2,129,1139,161,47.1212,7108.0463,attributed,6.240603,150.8,billing
bf8ffe15,54a7b641,patterns,nl_debate,0,agent_3,129,1795,161,73.8667,11142.499,attributed,6.20752,150.8,billing
bf8ffe15,1815eeee,patterns,nl_debate,0,agent_4,129,1399,161,57.958,8742.7346,attributed,6.249274,150.8,billing
982f6c6b,ae373796,patterns,nl_debate,0,agent_0,130,1046,161,43.338,7686.1125,attributed,7.3481,177.4,technical
982f6c6b,710ba327,patterns,nl_debate,0,agent_1,130,1644,161,67.8629,12035.6705,attributed,7.320967,177.4,technical
982f6c6b,cfabf896,patterns,nl_debate,0,agent_2,130,2249,161,91.6099,16247.2657,attributed,7.224218,177.4,technical
982f6c6b,3b0c1609,patterns,nl_debate,0,agent_3,130,1549,161,63.9959,11349.8475,attributed,7.327209,177.4,technical
982f6c6b,c55226db,patterns,nl_debate,0,agent_4,130,581,161,24.5631,4356.3328,attributed,7.497991,177.4,technical
bda7ac2f,abfea33e,patterns,nl_debate,0,agent_0,128,1592,159,65.8107,10284.4515,attributed,6.460083,156.3,cancellation
bda7ac2f,61cf996e,patterns,nl_debate,0,agent_1,128,2019,159,82.6139,12910.3421,attributed,6.394424,156.3,cancellation
bda7ac2f,6431603c,patterns,nl_debate,0,agent_2,128,1615,159,66.7177,10426.1914,attributed,6.455846,156.3,cancellation
bda7ac2f,6be92cc0,patterns,nl_debate,0,agent_3,128,832,159,34.701,5422.8378,attributed,6.517834,156.3,cancellation
bda7ac2f,07c35da5,patterns,nl_debate,0,agent_4,128,1299,159,53.5959,8375.6051,attributed,6.447733,156.3,cancellation
43a46bad,46142c0e,patterns,nl_debate,0,agent_0,127,578,158,24.2732,3881.2951,attributed,6.715043,159.9,general
43a46bad,e49d170d,patterns,nl_debate,0,agent_1,127,1796,158,73.9074,11817.825,attributed,6.580081,159.9,general
43a46bad,13f4dcd8,patterns,nl_debate,0,agent_2,127,1581,158,65.2775,10437.9003,attributed,6.602087,159.9,general
43a46bad,e5fd2aab,patterns,nl_debate,0,agent_3,127,1537,158,63.5185,10156.6354,attributed,6.608091,159.9,general
43a46bad,ea9244cb,patterns,nl_debate,0,agent_4,127,1037,158,42.9718,6871.2093,attributed,6.626046,159.9,general
003f047f,abd27f6a,patterns,nl_debate,0,agent_0,131,981,157,40.7105,5437.7662,attributed,5.543085,133.6,technical
003f047f,09c31b35,patterns,nl_debate,0,agent_1,131,1886,157,77.4333,10342.8889,attributed,5.484034,133.6,technical
003f047f,f9f57db7,patterns,nl_debate,0,agent_2,131,1797,157,73.9471,9877.2316,attributed,5.496512,133.6,technical
003f047f,f1646fbc,patterns,nl_debate,0,agent_3,131,1644,157,67.8625,9064.5019,attributed,5.513687,133.6,technical
003f047f,f34259ea,patterns,nl_debate,0,agent_4,131,1895,157,77.7826,10389.5454,attributed,5.48261,133.6,technical
ac525e9c,636cb9aa,patterns,nl_debate,0,agent_0,125,3406,157,136.5514,28630.739,attributed,8.405972,209.7,billing
ac525e9c,9b203efe,patterns,nl_debate,0,agent_1,125,2095,157,85.6004,17947.8402,attributed,8.566988,209.7,general
ac525e9c,0abd850b,patterns,nl_debate,0,agent_2,125,2392,157,97.1929,20378.4403,attributed,8.519415,209.7,general
ac525e9c,362a1f39,patterns,nl_debate,0,agent_3,125,876,157,36.4789,7648.5328,attributed,8.731202,209.7,general
ac525e9c,0a56a72f,patterns,nl_debate,0,agent_4,125,7134,157,278.7106,58437.2657,attributed,8.191375,209.7,billing
ac525e9c,5fbc88c0,patterns,nl_debate,1,agent_0,258,936,238,36.9538,3514.6744,attributed,3.754994,95.1,general
ac525e9c,de7d8da1,patterns,nl_debate,1,agent_1,258,1021,238,40.1507,3818.7315,attributed,3.740188,95.1,general
ac525e9c,a387c479,patterns,nl_debate,1,agent_2,258,848,238,33.6297,3198.5194,attributed,3.771839,95.1,general
ac525e9c,197f552f,patterns,nl_debate,1,agent_3,258,1150,238,45.0054,4280.4618,attributed,3.722141,95.1,general
ac525e9c,61567fed,patterns,nl_debate,1,agent_4,258,980,238,38.6079,3671.9958,attributed,3.746934,95.1,general
c3d92d62,bcf48e7f,patterns,nl_debate,0,agent_0,126,1587,156,65.6036,8986.7697,attributed,5.662741,137.0,billing
c3d92d62,34246f7a,patterns,nl_debate,0,agent_1,126,1372,156,56.8791,7791.636,attributed,5.679035,137.0,billing
c3d92d62,37641c0a,patterns,nl_debate,0,agent_2,126,1677,156,69.1716,9475.5355,attributed,5.65029,137.0,billing
c3d92d62,d2a5da38,patterns,nl_debate,0,agent_3,126,1739,156,71.637,9813.2606,attributed,5.643048,137.0,billing
c3d92d62,a17c8ed8,patterns,nl_debate,0,agent_4,126,1055,156,43.6982,5986.0383,attributed,5.67397,137.0,billing
dcc4bc9b,730effa8,patterns,nl_debate,0,agent_0,128,1793,159,73.7877,10386.1626,attributed,5.792617,140.8,technical
dcc4bc9b,0995140c,patterns,nl_debate,0,agent_1,128,1800,159,74.0682,10425.645,attributed,5.792025,140.8,technical
dcc4bc9b,e5679eaa,patterns,nl_debate,0,agent_2,128,1725,159,71.0816,10005.2591,attributed,5.80015,140.8,technical
dcc4bc9b,6c051962,patterns,nl_debate,0,agent_3,128,738,159,30.8772,4346.1935,attributed,5.889151,140.8,technical
dcc4bc9b,dceec61c,patterns,nl_debate,0,agent_4,128,1389,159,57.5582,8101.7409,attributed,5.832787,140.8,technical
537c470e,b24c40d3,patterns,nl_debate,0,agent_0,129,3380,158,135.5477,20126.8856,attributed,5.9547,148.5,general
537c470e,17532902,patterns,nl_debate,0,agent_1,129,2530,158,102.5979,15234.3138,attributed,6.021468,148.5,general
537c470e,1456ca65,patterns,nl_debate,0,agent_2,129,3236,158,130.0606,19312.1301,attributed,5.967902,148.5,general
537c470e,4ca0edae,patterns,nl_debate,0,agent_3,129,1162,158,48.0617,7136.4718,attributed,6.141542,148.5,general
537c470e,59443767,patterns,nl_debate,0,agent_4,129,1647,158,67.9776,10093.6967,attributed,6.128535,148.5,general
4cbc9735,f1ee19c2,patterns,nl_debate,0,agent_0,127,1564,158,64.5953,9721.3445,attributed,6.215693,150.5,billing
4cbc9735,bcf779fa,patterns,nl_debate,0,agent_1,127,1802,158,74.1462,11158.7183,attributed,6.192407,150.5,billing
4cbc9735,72897156,patterns,nl_debate,0,agent_2,127,1230,158,50.8401,7651.2397,attributed,6.22052,150.5,billing
4cbc9735,a0806695,patterns,nl_debate,0,agent_3,127,2087,158,85.2881,12835.5314,attributed,6.150231,150.5,billing
4cbc9735,e27228f4,patterns,nl_debate,0,agent_4,127,1180,158,48.7709,7339.8331,attributed,6.220198,150.5,billing
440b182f,f115ddc9,patterns,nl_debate,0,agent_0,132,1536,161,63.4771,15692.6584,attributed,10.216574,247.2,cancellation
440b182f,295d2a1c,patterns,nl_debate,0,agent_1,132,3195,161,421.9221,104306.5826,attributed,32.646818,247.2,cancellation
440b182f,04409a6e,patterns,nl_debate,0,agent_2,132,3047,161,122.7244,30339.6356,attributed,9.957215,247.2,cancellation
440b182f,351c2da2,patterns,nl_debate,0,agent_3,132,2014,161,82.4196,20375.5784,attributed,10.11697,247.2,cancellation
440b182f,ab23f19d,patterns,nl_debate,0,agent_4,132,2036,161,83.2812,20588.5811,attributed,10.11227,247.2,cancellation
4681cf09,fa172c59,patterns,nl_debate,0,agent_0,128,1239,159,51.2011,6720.0904,attributed,5.423802,131.2,technical
4681cf09,7e95867a,patterns,nl_debate,0,agent_1,128,1492,159,61.7121,8099.6481,attributed,5.428719,131.2,technical
4681cf09,88e3a1ef,patterns,nl_debate,0,agent_2,128,1680,159,69.288,9093.977,attributed,5.413082,131.2,technical
4681cf09,3ac7069c,patterns,nl_debate,0,agent_3,128,1762,159,72.5514,9522.2948,attributed,5.404254,131.2,technical
4681cf09,74c6e2e3,patterns,nl_debate,0,agent_4,128,1671,159,68.9308,9047.0948,attributed,5.41418,131.2,technical
88490d31,c874dc8d,patterns,nl_debate,0,agent_0,131,6446,158,252.5743,44951.9506,attributed,6.973619,178.0,general
88490d31,69eb73bd,patterns,nl_debate,0,agent_1,131,4325,158,171.9473,30602.3476,attributed,7.075687,178.0,general
88490d31,034fadea,patterns,nl_debate,0,agent_2,131,4824,158,191.1938,34027.7465,attributed,7.053845,178.0,general
88490d31,51e2d359,patterns,nl_debate,0,agent_3,131,5144,158,491.8606,87538.9672,attributed,17.017684,178.0,technical
88490d31,d678bd37,patterns,nl_debate,0,agent_4,131,3198,158,128.5847,22884.8821,attributed,7.155998,178.0,general
88490d31,656ccb52,patterns,nl_debate,1,agent_0,264,964,239,36.5362,5764.732,attributed,5.980012,157.8,general
88490d31,196063dc,patterns,nl_debate,1,agent_1,264,993,239,37.6284,5937.0608,attributed,5.978913,157.8,general
88490d31,9729dbcf,patterns,nl_debate,1,agent_2,264,888,239,33.6779,5313.7455,attributed,5.983948,157.8,general
88490d31,b0380096,patterns,nl_debate,1,agent_3,264,3345,239,124.1894,19594.7747,attributed,5.85793,157.8,general
88490d31,dc28613e,patterns,nl_debate,1,agent_4,264,2363,239,89.1432,14065.137,attributed,5.952237,157.8,general
80146108,1fa937c0,patterns,nl_debate,0,agent_0,132,1446,159,59.8446,8266.68,attributed,5.716929,138.1,billing
80146108,df292d91,patterns,nl_debate,0,agent_1,132,1097,159,45.4193,6274.0301,attributed,5.719262,138.1,billing
80146108,12f45ac2,patterns,nl_debate,0,agent_2,132,1674,159,69.0494,9538.1922,attributed,5.697845,138.1,billing
80146108,cb9d0369,patterns,nl_debate,0,agent_3,132,1667,159,68.7742,9500.1772,attributed,5.698967,138.1,billing
80146108,2c58df1a,patterns,nl_debate,0,agent_4,132,1842,159,75.7136,10458.7566,attributed,5.677935,138.1,billing
9d1f0c84,89114154,patterns,nl_debate,0,agent_0,128,1898,159,77.8993,12727.6915,attributed,6.705844,163.4,technical
9d1f0c84,16e6a2e2,patterns,nl_debate,0,agent_1,128,1549,159,63.9947,10455.868,attributed,6.750076,163.4,technical
9d1f0c84,1afcae03,patterns,nl_debate,0,agent_2,128,974,159,40.4288,6605.5189,attributed,6.781847,163.4,technical
9d1f0c84,5b337e38,patterns,nl_debate,0,agent_3,128,730,159,30.559,4992.9271,attributed,6.839626,163.4,technical
9d1f0c84,b1861adb,patterns,nl_debate,0,agent_4,128,2089,159,85.3643,13947.3715,attributed,6.676578,163.4,technical
f0d9543f,970c2a39,patterns,nl_debate,0,agent_0,125,4786,156,189.728,24113.6922,attributed,5.038381,127.1,billing
f0d9543f,f73bff73,patterns,nl_debate,0,agent_1,125,5176,156,204.5401,25996.2526,attributed,5.02246,127.1,billing
f0d9543f,8e2726f6,patterns,nl_debate,0,agent_2,125,5114,156,202.1871,25697.1954,attributed,5.024872,127.1,billing
f0d9543f,499f2f7a,patterns,nl_debate,0,agent_3,125,2919,156,117.7433,14964.7163,attributed,5.126659,127.1,billing
f0d9543f,1c05ea73,patterns,nl_debate,0,agent_4,125,2194,156,89.4711,11371.4294,attributed,5.182967,127.1,billing
18d563f3,4689055d,patterns,nl_debate,0,agent_0,129,1159,161,47.937,7780.841,attributed,6.713409,162.3,technical
18d563f3,8590d674,patterns,nl_debate,0,agent_1,129,1899,161,77.939,12650.5824,attributed,6.661707,162.3,technical
18d563f3,59479e86,patterns,nl_debate,0,agent_2,129,1554,161,64.1952,10419.7727,attributed,6.70513,162.3,technical
18d563f3,dc6d2b4a,patterns,nl_debate,0,agent_3,129,1031,161,42.7302,6935.705,attributed,6.727163,162.3,technical
18d563f3,c30ecbf4,patterns,nl_debate,0,agent_4,129,1101,161,45.576,7397.6179,attributed,6.718999,162.3,technical
21becff8,814229fe,patterns,nl_debate,0,agent_0,126,5530,156,217.9699,29670.1274,attributed,5.365303,136.1,billing
21becff8,2ad13f7f,patterns,nl_debate,0,agent_1,126,1227,156,50.7189,6903.8717,attributed,5.626627,136.1,billing
21becff8,33042bf1,patterns,nl_debate,0,agent_2,126,4604,156,182.7034,24869.6409,attributed,5.401747,136.1,billing
21becff8,c549919a,patterns,nl_debate,0,agent_3,126,5799,156,228.1204,31051.8164,attributed,5.354685,136.1,billing
21becff8,e4cc27c6,patterns,nl_debate,0,agent_4,126,3586,156,143.492,19532.1736,attributed,5.446786,136.1,billing
83701cc1,7f211f4b,patterns,nl_debate,0,agent_0,126,2607,158,105.6094,20417.8965,attributed,7.831951,193.3,billing
83701cc1,be3f21d8,patterns,nl_debate,0,agent_1,126,840,158,35.0212,6770.7916,attributed,8.060466,193.3,billing
83701cc1,46eab52d,patterns,nl_debate,0,agent_2,126,1035,158,42.889,8291.9055,attributed,8.011503,193.3,billing
83701cc1,d3d5e5aa,patterns,nl_debate,0,agent_3,126,3765,158,150.3896,29075.4354,attributed,7.722559,193.3,billing
83701cc1,368cb33d,patterns,nl_debate,0,agent_4,126,1748,158,71.9913,13918.372,attributed,7.962455,193.3,billing
d2a182f1,d72d6c65,patterns,nl_debate,0,agent_0,127,1331,155,55.2238,8852.3651,attributed,6.650913,160.3,technical
d2a182f1,19cedef7,patterns,nl_debate,0,agent_1,127,777,155,32.4438,5200.7353,attributed,6.693353,160.3,technical
d2a182f1,345e2762,patterns,nl_debate,0,agent_2,127,953,155,63.3974,10162.5917,attributed,10.66379,160.3,technical
d2a182f1,ccc9840a,patterns,nl_debate,0,agent_3,127,897,155,61.0289,9782.9216,attributed,10.906267,160.3,technical
d2a182f1,48bb8100,patterns,nl_debate,0,agent_4,127,2005,155,82.064,13154.8443,attributed,6.56102,160.3,technical
